﻿{"cameraMode":{"drawMode":0,"name":"Shaded","section":"Shading Mode"},"sceneLighting":true,"audioPlay":false,"sceneViewState":{"showFog":true,"showMaterialUpdate":false,"showSkybox":true,"showFlares":true,"showImageEffects":true,"showParticleSystems":true},"in2DMode":false,"pivot":{"x":-0.16472911834716798,"y":0.44128429889678957,"z":-0.3387918472290039},"rotation":{"x":-0.03267252817749977,"y":-0.9552766680717468,"z":0.11548861116170883,"w":-0.2702616751194},"size":11.290555000305176,"orthographic":false}